cohort,method,budget,problems,trials,solve_rate,problem_cluster_ci95,states_proposed_mean,states_judged_mean,states_expanded_mean,states_merged_mean,states_pruned_mean,sequential_rounds_mean,wall_seconds_mean,work_used_mean
all,beam,500,100,1000,0.0,"[0.0, 0.0]",276.91,214.61,8.48,48.992,0.0,2.0,0.0004427448334172368,500.0
all,beam,1500,100,1000,0.0,"[0.0, 0.0]",838.42,628.61,32.97,202.35,0.0,3.27,0.0013474309211596847,1500.0
all,beam,5000,100,1000,0.69,"[0.6, 0.78]",1029.264,778.57,55.33,234.2,0.0,5.0,0.0016875295145437122,1863.164
all,beam,15000,100,1000,0.69,"[0.6, 0.78]",1029.264,778.57,55.33,234.2,0.0,5.0,0.0016737211626023055,1863.164
all,best_first,500,100,1000,0.0,"[0.0, 0.0]",276.5,214.97,8.53,48.189,0.0,8.53,0.0004707221109420061,500.0
all,best_first,1500,100,1000,0.0,"[0.0, 0.0]",896.72,573.45,29.83,316.732,0.0,29.83,0.0015088468492031098,1500.0
all,best_first,5000,100,1000,0.09,"[0.04, 0.15]",2956.265,1807.42,131.1,1142.531,0.0,131.1,0.00516481003165245,4894.785
all,best_first,15000,100,1000,0.76,"[0.67, 0.84]",7316.049,3720.96,368.33,3586.639,0.0,368.33,0.014076746156439186,11405.339
all,bfs,500,100,1000,0.0,"[0.0, 0.0]",484.607,0.0,15.393,115.144,0.0,15.393,0.0006827196273952723,500.0
all,bfs,1500,100,1000,0.0,"[0.0, 0.0]",1451.094,0.0,48.906,686.136,0.0,48.906,0.002120186957530677,1500.0
all,bfs,5000,100,1000,0.0,"[0.0, 0.0]",4776.056,0.0,223.944,2414.495,0.0,223.944,0.007239194341003894,5000.0
all,bfs,15000,100,1000,0.0,"[0.0, 0.0]",14191.633,0.0,808.367,8307.532,0.0,808.367,0.02279724948015064,15000.0
all,factorial_m0j0s0,500,100,1000,0.045,"[0.031, 0.062]",460.84,0.0,32.405,0.0,0.0,32.405,0.000777763020247221,493.245
all,factorial_m0j0s0,1500,100,1000,0.193,"[0.15400000000000003, 0.23199999999999998]",940.161,0.0,101.006,0.0,0.0,101.006,0.0015732690449804067,1041.167
all,factorial_m0j0s0,5000,100,1000,0.19899999999999998,"[0.15997499999999998, 0.23900000000000002]",947.079,0.0,102.623,0.0,0.0,102.623,0.0015732759349048138,1049.702
all,factorial_m0j0s0,15000,100,1000,0.19899999999999998,"[0.159, 0.24]",947.079,0.0,102.623,0.0,0.0,102.623,0.001569444166496396,1049.702
all,factorial_m0j0s1,500,100,1000,0.0,"[0.0, 0.0]",484.575,0.0,15.425,0.0,0.0,2.0,0.0006671133516356349,500.0
all,factorial_m0j0s1,1500,100,1000,0.077,"[0.057999999999999996, 0.09602499999999987]",1053.406,0.0,64.337,0.0,0.0,5.0,0.0015788082340732216,1117.743
all,factorial_m0j0s1,5000,100,1000,0.077,"[0.059, 0.096]",1053.406,0.0,64.337,0.0,0.0,5.0,0.001570722441188991,1117.743
all,factorial_m0j0s1,15000,100,1000,0.077,"[0.059000000000000004, 0.09500000000000001]",1053.406,0.0,64.337,0.0,0.0,5.0,0.0015654782066121698,1117.743
all,factorial_m0j1s0,500,100,1000,0.0,"[0.0, 0.0]",255.58,236.52,7.9,0.0,0.165,7.9,0.0004595827916637063,500.0
all,factorial_m0j1s0,1500,100,1000,0.0,"[0.0, 0.0]",740.68,732.01,27.31,0.0,14.277,27.31,0.0013541044173762202,1500.0
all,factorial_m0j1s0,5000,100,1000,0.58,"[0.48, 0.68]",996.444,969.15,52.34,0.0,100.16,52.34,0.0018273770129308105,2017.934
all,factorial_m0j1s0,15000,100,1000,0.58,"[0.48, 0.68]",996.444,969.15,52.34,0.0,100.16,52.34,0.0018217678498476744,2017.934
all,factorial_m0j1s1,500,100,1000,0.0,"[0.0, 0.0]",255.89,236.25,7.86,0.0,0.0,2.0,0.0004049705034121871,500.0
all,factorial_m0j1s1,1500,100,1000,0.0,"[0.0, 0.0]",740.81,731.97,27.22,0.0,13.962,3.0,0.0012639510091394185,1500.0
all,factorial_m0j1s1,5000,100,1000,0.47,"[0.38, 0.57]",1039.48,1012.4,57.33,0.0,137.08,4.99,0.0018015045272186398,2109.21
all,factorial_m0j1s1,15000,100,1000,0.47,"[0.37, 0.57]",1039.48,1012.4,57.33,0.0,137.08,4.99,0.0017949135126546026,2109.21
all,factorial_m1j0s0,500,100,1000,0.051000000000000004,"[0.034, 0.07100000000000001]",459.093,0.0,32.871,52.118,0.0,32.871,0.0007712639616802335,491.964
all,factorial_m1j0s0,1500,100,1000,0.21599999999999997,"[0.17600000000000002, 0.259]",922.846,0.0,99.678,131.119,0.0,99.678,0.0015411236826330423,1022.524
all,factorial_m1j0s0,5000,100,1000,0.21899999999999997,"[0.18097500000000002, 0.26099999999999995]",926.988,0.0,100.625,132.231,0.0,100.625,0.0015401819050312041,1027.613
all,factorial_m1j0s0,15000,100,1000,0.21899999999999997,"[0.18000000000000005, 0.26102499999999995]",926.988,0.0,100.625,132.231,0.0,100.625,0.0015370657676830888,1027.613
all,factorial_m1j0s1,500,100,1000,0.0,"[0.0, 0.0]",484.587,0.0,15.413,117.471,0.0,2.0,0.0006482927985489368,500.0
all,factorial_m1j0s1,1500,100,1000,0.07200000000000001,"[0.054000000000000006, 0.092]",1053.844,0.0,64.421,192.086,0.0,5.0,0.0015283375745639206,1118.265
all,factorial_m1j0s1,5000,100,1000,0.07200000000000001,"[0.053, 0.09299999999999999]",1053.844,0.0,64.421,192.086,0.0,5.0,0.0015255199801176786,1118.265
all,factorial_m1j0s1,15000,100,1000,0.07200000000000001,"[0.05499999999999999, 0.09200000000000001]",1053.844,0.0,64.421,192.086,0.0,5.0,0.001520427125506103,1118.265
all,factorial_m1j1s0,500,100,1000,0.0,"[0.0, 0.0]",276.5,214.97,8.53,48.189,0.19,8.53,0.00047634004428982735,500.0
all,factorial_m1j1s0,1500,100,1000,0.08900000000000001,"[0.04, 0.149]",828.618,631.16,32.51,189.792,25.529,32.51,0.0014320234060287477,1492.288
all,factorial_m1j1s0,5000,100,1000,0.64,"[0.54, 0.73]",962.367,740.56,48.43,205.579,86.28,48.43,0.0016724214171990753,1751.357
all,factorial_m1j1s0,15000,100,1000,0.64,"[0.55, 0.73]",962.367,740.56,48.43,205.579,86.28,48.43,0.001667639311403036,1751.357
all,factorial_m1j1s1,500,100,1000,0.0,"[0.0, 0.0]",276.91,214.61,8.48,48.992,0.0,2.0,0.0004274436021223664,500.0
all,factorial_m1j1s1,1500,100,1000,0.0,"[0.0, 0.0]",838.42,628.61,32.97,202.35,27.06,3.27,0.0013292755149304867,1500.0
all,factorial_m1j1s1,5000,100,1000,0.69,"[0.59975, 0.78]",1026.164,778.57,54.32,233.59,124.93,4.99,0.0016594034750014545,1859.054
all,factorial_m1j1s1,15000,100,1000,0.69,"[0.6, 0.78]",1026.164,778.57,54.32,233.59,124.93,4.99,0.0016524029718711973,1859.054
all,frontier_without_merging,500,100,1000,0.0,"[0.0, 0.0]",255.89,236.25,7.86,0.0,0.0,2.0,0.000407915435731411,500.0
all,frontier_without_merging,1500,100,1000,0.0,"[0.0, 0.0]",740.81,731.97,27.22,0.0,13.962,3.0,0.0012680704072117806,1500.0
all,frontier_without_merging,5000,100,1000,0.47,"[0.38, 0.57]",1039.48,1012.4,57.33,0.0,137.08,4.99,0.0018075457764789463,2109.21
all,frontier_without_merging,15000,100,1000,0.47,"[0.37975000000000003, 0.57]",1039.48,1012.4,57.33,0.0,137.08,4.99,0.0018027117950841784,2109.21
all,full_interference_search,500,100,1000,0.0,"[0.0, 0.0]",276.91,214.61,8.48,48.992,0.0,2.0,0.0004316604323685169,500.0
all,full_interference_search,1500,100,1000,0.0,"[0.0, 0.0]",838.42,628.61,32.97,202.35,27.06,3.27,0.0013344792295247316,1500.0
all,full_interference_search,5000,100,1000,0.69,"[0.6, 0.78]",1026.164,778.57,54.32,233.59,124.93,4.99,0.0016666800156235695,1859.054
all,full_interference_search,15000,100,1000,0.69,"[0.59, 0.78]",1026.164,778.57,54.32,233.59,124.93,4.99,0.001661219796165824,1859.054
all,hand_bound_frontier,500,100,1000,0.0,"[0.0, 0.0]",484.587,0.0,15.413,117.471,0.308,2.0,0.0008384011555463076,500.0
all,hand_bound_frontier,1500,100,1000,0.06799999999999999,"[0.05, 0.08800000000000001]",1053.813,0.0,64.441,191.671,13.199,5.0,0.0019293907955288887,1118.254
all,hand_bound_frontier,5000,100,1000,0.06799999999999999,"[0.049, 0.088]",1053.813,0.0,64.441,191.671,13.199,5.0,0.0019052320662885905,1118.254
all,hand_bound_frontier,15000,100,1000,0.06799999999999999,"[0.049, 0.08899999999999998]",1053.813,0.0,64.441,191.671,13.199,5.0,0.001900263491086662,1118.254
all,independent_parallel,500,100,1000,0.0,"[0.0, 0.0]",255.911,236.216,7.873,0.0,0.0,2.0,0.0004965469548478723,500.0
all,independent_parallel,1500,100,1000,0.0,"[0.0, 0.0]",740.945,731.724,27.331,0.0,0.0,3.003,0.0014220847962424159,1500.0
all,independent_parallel,5000,100,1000,0.528,"[0.46800000000000014, 0.5830249999999999]",1907.292,1835.035,107.009,0.0,0.0,9.339,0.004334861315786838,3849.336
all,independent_parallel,15000,100,1000,0.8160000000000001,"[0.773, 0.856]",3401.841,3265.639,201.391,0.0,0.0,16.719,0.007563958405517042,6868.871
all,merging_without_learned_judge,500,100,1000,0.0,"[0.0, 0.0]",484.587,0.0,15.413,117.471,0.0,2.0,0.0006507003093138337,500.0
all,merging_without_learned_judge,1500,100,1000,0.07200000000000001,"[0.05399999999999999, 0.09199999999999997]",1053.844,0.0,64.421,192.086,0.0,5.0,0.001535500436089933,1118.265
all,merging_without_learned_judge,5000,100,1000,0.07200000000000001,"[0.05397499999999999, 0.092]",1053.844,0.0,64.421,192.086,0.0,5.0,0.0015324369054287672,1118.265
all,merging_without_learned_judge,15000,100,1000,0.07200000000000001,"[0.053, 0.092]",1053.844,0.0,64.421,192.086,0.0,5.0,0.001526539263315499,1118.265
all,single_line,500,100,1000,0.059,"[0.041999999999999996, 0.079]",257.469,221.339,10.783,0.0,0.0,10.783,0.00045190864708274605,489.591
all,single_line,1500,100,1000,0.17600000000000002,"[0.14500000000000002, 0.21100000000000002]",682.297,656.035,30.209,0.0,0.0,30.209,0.001218977376818657,1368.541
all,single_line,5000,100,1000,0.4200000000000001,"[0.368, 0.477]",1880.962,1820.889,85.046,0.0,0.0,85.046,0.0033778213849291207,3786.897
all,single_line,15000,100,1000,0.6890000000000001,"[0.634975, 0.7410000000000001]",3983.307,3867.735,180.865,0.0,0.0,180.865,0.0071633943002671,8031.907
random,beam,500,100,1000,0.0,"[0.0, 0.0]",276.91,214.61,8.48,48.992,0.0,2.0,0.0004427448334172368,500.0
random,beam,1500,100,1000,0.0,"[0.0, 0.0]",838.42,628.61,32.97,202.35,0.0,3.27,0.0013474309211596847,1500.0
random,beam,5000,100,1000,0.69,"[0.59, 0.78]",1029.264,778.57,55.33,234.2,0.0,5.0,0.0016875295145437122,1863.164
random,beam,15000,100,1000,0.69,"[0.6, 0.78]",1029.264,778.57,55.33,234.2,0.0,5.0,0.0016737211626023055,1863.164
random,best_first,500,100,1000,0.0,"[0.0, 0.0]",276.5,214.97,8.53,48.189,0.0,8.53,0.0004707221109420061,500.0
random,best_first,1500,100,1000,0.0,"[0.0, 0.0]",896.72,573.45,29.83,316.732,0.0,29.83,0.0015088468492031098,1500.0
random,best_first,5000,100,1000,0.09,"[0.04, 0.15]",2956.265,1807.42,131.1,1142.531,0.0,131.1,0.00516481003165245,4894.785
random,best_first,15000,100,1000,0.76,"[0.68, 0.84]",7316.049,3720.96,368.33,3586.639,0.0,368.33,0.014076746156439186,11405.339
random,bfs,500,100,1000,0.0,"[0.0, 0.0]",484.607,0.0,15.393,115.144,0.0,15.393,0.0006827196273952723,500.0
random,bfs,1500,100,1000,0.0,"[0.0, 0.0]",1451.094,0.0,48.906,686.136,0.0,48.906,0.002120186957530677,1500.0
random,bfs,5000,100,1000,0.0,"[0.0, 0.0]",4776.056,0.0,223.944,2414.495,0.0,223.944,0.007239194341003894,5000.0
random,bfs,15000,100,1000,0.0,"[0.0, 0.0]",14191.633,0.0,808.367,8307.532,0.0,808.367,0.02279724948015064,15000.0
random,factorial_m0j0s0,500,100,1000,0.045,"[0.029975, 0.06000000000000001]",460.84,0.0,32.405,0.0,0.0,32.405,0.000777763020247221,493.245
random,factorial_m0j0s0,1500,100,1000,0.193,"[0.153, 0.234]",940.161,0.0,101.006,0.0,0.0,101.006,0.0015732690449804067,1041.167
random,factorial_m0j0s0,5000,100,1000,0.19899999999999998,"[0.158, 0.24100000000000005]",947.079,0.0,102.623,0.0,0.0,102.623,0.0015732759349048138,1049.702
random,factorial_m0j0s0,15000,100,1000,0.19899999999999998,"[0.16, 0.24200000000000002]",947.079,0.0,102.623,0.0,0.0,102.623,0.001569444166496396,1049.702
random,factorial_m0j0s1,500,100,1000,0.0,"[0.0, 0.0]",484.575,0.0,15.425,0.0,0.0,2.0,0.0006671133516356349,500.0
random,factorial_m0j0s1,1500,100,1000,0.077,"[0.05800000000000001, 0.096]",1053.406,0.0,64.337,0.0,0.0,5.0,0.0015788082340732216,1117.743
random,factorial_m0j0s1,5000,100,1000,0.077,"[0.05899999999999998, 0.09799999999999998]",1053.406,0.0,64.337,0.0,0.0,5.0,0.001570722441188991,1117.743
random,factorial_m0j0s1,15000,100,1000,0.077,"[0.059, 0.09699999999999999]",1053.406,0.0,64.337,0.0,0.0,5.0,0.0015654782066121698,1117.743
random,factorial_m0j1s0,500,100,1000,0.0,"[0.0, 0.0]",255.58,236.52,7.9,0.0,0.165,7.9,0.0004595827916637063,500.0
random,factorial_m0j1s0,1500,100,1000,0.0,"[0.0, 0.0]",740.68,732.01,27.31,0.0,14.277,27.31,0.0013541044173762202,1500.0
random,factorial_m0j1s0,5000,100,1000,0.58,"[0.48, 0.68]",996.444,969.15,52.34,0.0,100.16,52.34,0.0018273770129308105,2017.934
random,factorial_m0j1s0,15000,100,1000,0.58,"[0.48, 0.67]",996.444,969.15,52.34,0.0,100.16,52.34,0.0018217678498476744,2017.934
random,factorial_m0j1s1,500,100,1000,0.0,"[0.0, 0.0]",255.89,236.25,7.86,0.0,0.0,2.0,0.0004049705034121871,500.0
random,factorial_m0j1s1,1500,100,1000,0.0,"[0.0, 0.0]",740.81,731.97,27.22,0.0,13.962,3.0,0.0012639510091394185,1500.0
random,factorial_m0j1s1,5000,100,1000,0.47,"[0.38, 0.57]",1039.48,1012.4,57.33,0.0,137.08,4.99,0.0018015045272186398,2109.21
random,factorial_m0j1s1,15000,100,1000,0.47,"[0.37, 0.57]",1039.48,1012.4,57.33,0.0,137.08,4.99,0.0017949135126546026,2109.21
random,factorial_m1j0s0,500,100,1000,0.051000000000000004,"[0.034, 0.07100000000000001]",459.093,0.0,32.871,52.118,0.0,32.871,0.0007712639616802335,491.964
random,factorial_m1j0s0,1500,100,1000,0.21599999999999997,"[0.17600000000000002, 0.262]",922.846,0.0,99.678,131.119,0.0,99.678,0.0015411236826330423,1022.524
random,factorial_m1j0s0,5000,100,1000,0.21899999999999997,"[0.17900000000000002, 0.262]",926.988,0.0,100.625,132.231,0.0,100.625,0.0015401819050312041,1027.613
random,factorial_m1j0s0,15000,100,1000,0.21899999999999997,"[0.17900000000000002, 0.261]",926.988,0.0,100.625,132.231,0.0,100.625,0.0015370657676830888,1027.613
random,factorial_m1j0s1,500,100,1000,0.0,"[0.0, 0.0]",484.587,0.0,15.413,117.471,0.0,2.0,0.0006482927985489368,500.0
random,factorial_m1j0s1,1500,100,1000,0.07200000000000001,"[0.05399999999999999, 0.092]",1053.844,0.0,64.421,192.086,0.0,5.0,0.0015283375745639206,1118.265
random,factorial_m1j0s1,5000,100,1000,0.07200000000000001,"[0.053, 0.09299999999999999]",1053.844,0.0,64.421,192.086,0.0,5.0,0.0015255199801176786,1118.265
random,factorial_m1j0s1,15000,100,1000,0.07200000000000001,"[0.05399999999999999, 0.09399999999999999]",1053.844,0.0,64.421,192.086,0.0,5.0,0.001520427125506103,1118.265
random,factorial_m1j1s0,500,100,1000,0.0,"[0.0, 0.0]",276.5,214.97,8.53,48.189,0.19,8.53,0.00047634004428982735,500.0
random,factorial_m1j1s0,1500,100,1000,0.08900000000000001,"[0.039, 0.149]",828.618,631.16,32.51,189.792,25.529,32.51,0.0014320234060287477,1492.288
random,factorial_m1j1s0,5000,100,1000,0.64,"[0.55, 0.73]",962.367,740.56,48.43,205.579,86.28,48.43,0.0016724214171990753,1751.357
random,factorial_m1j1s0,15000,100,1000,0.64,"[0.55, 0.74]",962.367,740.56,48.43,205.579,86.28,48.43,0.001667639311403036,1751.357
random,factorial_m1j1s1,500,100,1000,0.0,"[0.0, 0.0]",276.91,214.61,8.48,48.992,0.0,2.0,0.0004274436021223664,500.0
random,factorial_m1j1s1,1500,100,1000,0.0,"[0.0, 0.0]",838.42,628.61,32.97,202.35,27.06,3.27,0.0013292755149304867,1500.0
random,factorial_m1j1s1,5000,100,1000,0.69,"[0.6, 0.78]",1026.164,778.57,54.32,233.59,124.93,4.99,0.0016594034750014545,1859.054
random,factorial_m1j1s1,15000,100,1000,0.69,"[0.6, 0.78]",1026.164,778.57,54.32,233.59,124.93,4.99,0.0016524029718711973,1859.054
random,frontier_without_merging,500,100,1000,0.0,"[0.0, 0.0]",255.89,236.25,7.86,0.0,0.0,2.0,0.000407915435731411,500.0
random,frontier_without_merging,1500,100,1000,0.0,"[0.0, 0.0]",740.81,731.97,27.22,0.0,13.962,3.0,0.0012680704072117806,1500.0
random,frontier_without_merging,5000,100,1000,0.47,"[0.37, 0.57]",1039.48,1012.4,57.33,0.0,137.08,4.99,0.0018075457764789463,2109.21
random,frontier_without_merging,15000,100,1000,0.47,"[0.37, 0.57]",1039.48,1012.4,57.33,0.0,137.08,4.99,0.0018027117950841784,2109.21
random,full_interference_search,500,100,1000,0.0,"[0.0, 0.0]",276.91,214.61,8.48,48.992,0.0,2.0,0.0004316604323685169,500.0
random,full_interference_search,1500,100,1000,0.0,"[0.0, 0.0]",838.42,628.61,32.97,202.35,27.06,3.27,0.0013344792295247316,1500.0
random,full_interference_search,5000,100,1000,0.69,"[0.6, 0.78]",1026.164,778.57,54.32,233.59,124.93,4.99,0.0016666800156235695,1859.054
random,full_interference_search,15000,100,1000,0.69,"[0.59, 0.77]",1026.164,778.57,54.32,233.59,124.93,4.99,0.001661219796165824,1859.054
random,hand_bound_frontier,500,100,1000,0.0,"[0.0, 0.0]",484.587,0.0,15.413,117.471,0.308,2.0,0.0008384011555463076,500.0
random,hand_bound_frontier,1500,100,1000,0.06799999999999999,"[0.048999999999999995, 0.087]",1053.813,0.0,64.441,191.671,13.199,5.0,0.0019293907955288887,1118.254
random,hand_bound_frontier,5000,100,1000,0.06799999999999999,"[0.049974999999999985, 0.08700000000000001]",1053.813,0.0,64.441,191.671,13.199,5.0,0.0019052320662885905,1118.254
random,hand_bound_frontier,15000,100,1000,0.06799999999999999,"[0.04999999999999999, 0.08800000000000001]",1053.813,0.0,64.441,191.671,13.199,5.0,0.001900263491086662,1118.254
random,independent_parallel,500,100,1000,0.0,"[0.0, 0.0]",255.911,236.216,7.873,0.0,0.0,2.0,0.0004965469548478723,500.0
random,independent_parallel,1500,100,1000,0.0,"[0.0, 0.0]",740.945,731.724,27.331,0.0,0.0,3.003,0.0014220847962424159,1500.0
random,independent_parallel,5000,100,1000,0.528,"[0.469, 0.582]",1907.292,1835.035,107.009,0.0,0.0,9.339,0.004334861315786838,3849.336
random,independent_parallel,15000,100,1000,0.8160000000000001,"[0.7760000000000001, 0.8560000000000001]",3401.841,3265.639,201.391,0.0,0.0,16.719,0.007563958405517042,6868.871
random,merging_without_learned_judge,500,100,1000,0.0,"[0.0, 0.0]",484.587,0.0,15.413,117.471,0.0,2.0,0.0006507003093138337,500.0
random,merging_without_learned_judge,1500,100,1000,0.07200000000000001,"[0.05499999999999999, 0.091]",1053.844,0.0,64.421,192.086,0.0,5.0,0.001535500436089933,1118.265
random,merging_without_learned_judge,5000,100,1000,0.07200000000000001,"[0.053, 0.091]",1053.844,0.0,64.421,192.086,0.0,5.0,0.0015324369054287672,1118.265
random,merging_without_learned_judge,15000,100,1000,0.07200000000000001,"[0.05399999999999999, 0.09299999999999999]",1053.844,0.0,64.421,192.086,0.0,5.0,0.001526539263315499,1118.265
random,single_line,500,100,1000,0.059,"[0.041999999999999996, 0.079]",257.469,221.339,10.783,0.0,0.0,10.783,0.00045190864708274605,489.591
random,single_line,1500,100,1000,0.17600000000000002,"[0.14500000000000002, 0.20900000000000002]",682.297,656.035,30.209,0.0,0.0,30.209,0.001218977376818657,1368.541
random,single_line,5000,100,1000,0.4200000000000001,"[0.36699999999999994, 0.4780249999999999]",1880.962,1820.889,85.046,0.0,0.0,85.046,0.0033778213849291207,3786.897
random,single_line,15000,100,1000,0.6890000000000001,"[0.634, 0.7430249999999999]",3983.307,3867.735,180.865,0.0,0.0,180.865,0.0071633943002671,8031.907
stratum_>20,beam,500,100,1000,0.0,"[0.0, 0.0]",276.91,214.61,8.48,48.992,0.0,2.0,0.0004427448334172368,500.0
stratum_>20,beam,1500,100,1000,0.0,"[0.0, 0.0]",838.42,628.61,32.97,202.35,0.0,3.27,0.0013474309211596847,1500.0
stratum_>20,beam,5000,100,1000,0.69,"[0.59, 0.78]",1029.264,778.57,55.33,234.2,0.0,5.0,0.0016875295145437122,1863.164
stratum_>20,beam,15000,100,1000,0.69,"[0.6, 0.78]",1029.264,778.57,55.33,234.2,0.0,5.0,0.0016737211626023055,1863.164
stratum_>20,best_first,500,100,1000,0.0,"[0.0, 0.0]",276.5,214.97,8.53,48.189,0.0,8.53,0.0004707221109420061,500.0
stratum_>20,best_first,1500,100,1000,0.0,"[0.0, 0.0]",896.72,573.45,29.83,316.732,0.0,29.83,0.0015088468492031098,1500.0
stratum_>20,best_first,5000,100,1000,0.09,"[0.04, 0.15]",2956.265,1807.42,131.1,1142.531,0.0,131.1,0.00516481003165245,4894.785
stratum_>20,best_first,15000,100,1000,0.76,"[0.67, 0.84]",7316.049,3720.96,368.33,3586.639,0.0,368.33,0.014076746156439186,11405.339
stratum_>20,bfs,500,100,1000,0.0,"[0.0, 0.0]",484.607,0.0,15.393,115.144,0.0,15.393,0.0006827196273952723,500.0
stratum_>20,bfs,1500,100,1000,0.0,"[0.0, 0.0]",1451.094,0.0,48.906,686.136,0.0,48.906,0.002120186957530677,1500.0
stratum_>20,bfs,5000,100,1000,0.0,"[0.0, 0.0]",4776.056,0.0,223.944,2414.495,0.0,223.944,0.007239194341003894,5000.0
stratum_>20,bfs,15000,100,1000,0.0,"[0.0, 0.0]",14191.633,0.0,808.367,8307.532,0.0,808.367,0.02279724948015064,15000.0
stratum_>20,factorial_m0j0s0,500,100,1000,0.045,"[0.031, 0.061]",460.84,0.0,32.405,0.0,0.0,32.405,0.000777763020247221,493.245
stratum_>20,factorial_m0j0s0,1500,100,1000,0.193,"[0.15400000000000003, 0.23600000000000002]",940.161,0.0,101.006,0.0,0.0,101.006,0.0015732690449804067,1041.167
stratum_>20,factorial_m0j0s0,5000,100,1000,0.19899999999999998,"[0.15900000000000003, 0.24100000000000005]",947.079,0.0,102.623,0.0,0.0,102.623,0.0015732759349048138,1049.702
stratum_>20,factorial_m0j0s0,15000,100,1000,0.19899999999999998,"[0.16, 0.242]",947.079,0.0,102.623,0.0,0.0,102.623,0.001569444166496396,1049.702
stratum_>20,factorial_m0j0s1,500,100,1000,0.0,"[0.0, 0.0]",484.575,0.0,15.425,0.0,0.0,2.0,0.0006671133516356349,500.0
stratum_>20,factorial_m0j0s1,1500,100,1000,0.077,"[0.05800000000000001, 0.09600000000000002]",1053.406,0.0,64.337,0.0,0.0,5.0,0.0015788082340732216,1117.743
stratum_>20,factorial_m0j0s1,5000,100,1000,0.077,"[0.059, 0.09699999999999999]",1053.406,0.0,64.337,0.0,0.0,5.0,0.001570722441188991,1117.743
stratum_>20,factorial_m0j0s1,15000,100,1000,0.077,"[0.059, 0.09600000000000002]",1053.406,0.0,64.337,0.0,0.0,5.0,0.0015654782066121698,1117.743
stratum_>20,factorial_m0j1s0,500,100,1000,0.0,"[0.0, 0.0]",255.58,236.52,7.9,0.0,0.165,7.9,0.0004595827916637063,500.0
stratum_>20,factorial_m0j1s0,1500,100,1000,0.0,"[0.0, 0.0]",740.68,732.01,27.31,0.0,14.277,27.31,0.0013541044173762202,1500.0
stratum_>20,factorial_m0j1s0,5000,100,1000,0.58,"[0.48, 0.67]",996.444,969.15,52.34,0.0,100.16,52.34,0.0018273770129308105,2017.934
stratum_>20,factorial_m0j1s0,15000,100,1000,0.58,"[0.48, 0.67]",996.444,969.15,52.34,0.0,100.16,52.34,0.0018217678498476744,2017.934
stratum_>20,factorial_m0j1s1,500,100,1000,0.0,"[0.0, 0.0]",255.89,236.25,7.86,0.0,0.0,2.0,0.0004049705034121871,500.0
stratum_>20,factorial_m0j1s1,1500,100,1000,0.0,"[0.0, 0.0]",740.81,731.97,27.22,0.0,13.962,3.0,0.0012639510091394185,1500.0
stratum_>20,factorial_m0j1s1,5000,100,1000,0.47,"[0.37, 0.56]",1039.48,1012.4,57.33,0.0,137.08,4.99,0.0018015045272186398,2109.21
stratum_>20,factorial_m0j1s1,15000,100,1000,0.47,"[0.38, 0.5602499999999987]",1039.48,1012.4,57.33,0.0,137.08,4.99,0.0017949135126546026,2109.21
stratum_>20,factorial_m1j0s0,500,100,1000,0.051000000000000004,"[0.034, 0.071]",459.093,0.0,32.871,52.118,0.0,32.871,0.0007712639616802335,491.964
stratum_>20,factorial_m1j0s0,1500,100,1000,0.21599999999999997,"[0.17600000000000005, 0.2620249999999999]",922.846,0.0,99.678,131.119,0.0,99.678,0.0015411236826330423,1022.524
stratum_>20,factorial_m1j0s0,5000,100,1000,0.21899999999999997,"[0.17900000000000002, 0.262]",926.988,0.0,100.625,132.231,0.0,100.625,0.0015401819050312041,1027.613
stratum_>20,factorial_m1j0s0,15000,100,1000,0.21899999999999997,"[0.17800000000000002, 0.262]",926.988,0.0,100.625,132.231,0.0,100.625,0.0015370657676830888,1027.613
stratum_>20,factorial_m1j0s1,500,100,1000,0.0,"[0.0, 0.0]",484.587,0.0,15.413,117.471,0.0,2.0,0.0006482927985489368,500.0
stratum_>20,factorial_m1j0s1,1500,100,1000,0.07200000000000001,"[0.053, 0.09100000000000001]",1053.844,0.0,64.421,192.086,0.0,5.0,0.0015283375745639206,1118.265
stratum_>20,factorial_m1j0s1,5000,100,1000,0.07200000000000001,"[0.05399999999999999, 0.09199999999999997]",1053.844,0.0,64.421,192.086,0.0,5.0,0.0015255199801176786,1118.265
stratum_>20,factorial_m1j0s1,15000,100,1000,0.07200000000000001,"[0.053, 0.09102499999999987]",1053.844,0.0,64.421,192.086,0.0,5.0,0.001520427125506103,1118.265
stratum_>20,factorial_m1j1s0,500,100,1000,0.0,"[0.0, 0.0]",276.5,214.97,8.53,48.189,0.19,8.53,0.00047634004428982735,500.0
stratum_>20,factorial_m1j1s0,1500,100,1000,0.08900000000000001,"[0.04, 0.15]",828.618,631.16,32.51,189.792,25.529,32.51,0.0014320234060287477,1492.288
stratum_>20,factorial_m1j1s0,5000,100,1000,0.64,"[0.55, 0.74]",962.367,740.56,48.43,205.579,86.28,48.43,0.0016724214171990753,1751.357
stratum_>20,factorial_m1j1s0,15000,100,1000,0.64,"[0.54, 0.73]",962.367,740.56,48.43,205.579,86.28,48.43,0.001667639311403036,1751.357
stratum_>20,factorial_m1j1s1,500,100,1000,0.0,"[0.0, 0.0]",276.91,214.61,8.48,48.992,0.0,2.0,0.0004274436021223664,500.0
stratum_>20,factorial_m1j1s1,1500,100,1000,0.0,"[0.0, 0.0]",838.42,628.61,32.97,202.35,27.06,3.27,0.0013292755149304867,1500.0
stratum_>20,factorial_m1j1s1,5000,100,1000,0.69,"[0.6, 0.78]",1026.164,778.57,54.32,233.59,124.93,4.99,0.0016594034750014545,1859.054
stratum_>20,factorial_m1j1s1,15000,100,1000,0.69,"[0.6, 0.78]",1026.164,778.57,54.32,233.59,124.93,4.99,0.0016524029718711973,1859.054
stratum_>20,frontier_without_merging,500,100,1000,0.0,"[0.0, 0.0]",255.89,236.25,7.86,0.0,0.0,2.0,0.000407915435731411,500.0
stratum_>20,frontier_without_merging,1500,100,1000,0.0,"[0.0, 0.0]",740.81,731.97,27.22,0.0,13.962,3.0,0.0012680704072117806,1500.0
stratum_>20,frontier_without_merging,5000,100,1000,0.47,"[0.37, 0.57]",1039.48,1012.4,57.33,0.0,137.08,4.99,0.0018075457764789463,2109.21
stratum_>20,frontier_without_merging,15000,100,1000,0.47,"[0.37, 0.57]",1039.48,1012.4,57.33,0.0,137.08,4.99,0.0018027117950841784,2109.21
stratum_>20,full_interference_search,500,100,1000,0.0,"[0.0, 0.0]",276.91,214.61,8.48,48.992,0.0,2.0,0.0004316604323685169,500.0
stratum_>20,full_interference_search,1500,100,1000,0.0,"[0.0, 0.0]",838.42,628.61,32.97,202.35,27.06,3.27,0.0013344792295247316,1500.0
stratum_>20,full_interference_search,5000,100,1000,0.69,"[0.6, 0.77]",1026.164,778.57,54.32,233.59,124.93,4.99,0.0016666800156235695,1859.054
stratum_>20,full_interference_search,15000,100,1000,0.69,"[0.6, 0.78]",1026.164,778.57,54.32,233.59,124.93,4.99,0.001661219796165824,1859.054
stratum_>20,hand_bound_frontier,500,100,1000,0.0,"[0.0, 0.0]",484.587,0.0,15.413,117.471,0.308,2.0,0.0008384011555463076,500.0
stratum_>20,hand_bound_frontier,1500,100,1000,0.06799999999999999,"[0.04999999999999999, 0.08702499999999987]",1053.813,0.0,64.441,191.671,13.199,5.0,0.0019293907955288887,1118.254
stratum_>20,hand_bound_frontier,5000,100,1000,0.06799999999999999,"[0.049, 0.08700000000000001]",1053.813,0.0,64.441,191.671,13.199,5.0,0.0019052320662885905,1118.254
stratum_>20,hand_bound_frontier,15000,100,1000,0.06799999999999999,"[0.05, 0.08800000000000001]",1053.813,0.0,64.441,191.671,13.199,5.0,0.001900263491086662,1118.254
stratum_>20,independent_parallel,500,100,1000,0.0,"[0.0, 0.0]",255.911,236.216,7.873,0.0,0.0,2.0,0.0004965469548478723,500.0
stratum_>20,independent_parallel,1500,100,1000,0.0,"[0.0, 0.0]",740.945,731.724,27.331,0.0,0.0,3.003,0.0014220847962424159,1500.0
stratum_>20,independent_parallel,5000,100,1000,0.528,"[0.47200000000000003, 0.583]",1907.292,1835.035,107.009,0.0,0.0,9.339,0.004334861315786838,3849.336
stratum_>20,independent_parallel,15000,100,1000,0.8160000000000001,"[0.774, 0.8560000000000001]",3401.841,3265.639,201.391,0.0,0.0,16.719,0.007563958405517042,6868.871
stratum_>20,merging_without_learned_judge,500,100,1000,0.0,"[0.0, 0.0]",484.587,0.0,15.413,117.471,0.0,2.0,0.0006507003093138337,500.0
stratum_>20,merging_without_learned_judge,1500,100,1000,0.07200000000000001,"[0.05399999999999999, 0.09299999999999999]",1053.844,0.0,64.421,192.086,0.0,5.0,0.001535500436089933,1118.265
stratum_>20,merging_without_learned_judge,5000,100,1000,0.07200000000000001,"[0.054000000000000006, 0.092]",1053.844,0.0,64.421,192.086,0.0,5.0,0.0015324369054287672,1118.265
stratum_>20,merging_without_learned_judge,15000,100,1000,0.07200000000000001,"[0.05399999999999999, 0.092]",1053.844,0.0,64.421,192.086,0.0,5.0,0.001526539263315499,1118.265
stratum_>20,single_line,500,100,1000,0.059,"[0.041975, 0.078]",257.469,221.339,10.783,0.0,0.0,10.783,0.00045190864708274605,489.591
stratum_>20,single_line,1500,100,1000,0.17600000000000002,"[0.145, 0.21100000000000002]",682.297,656.035,30.209,0.0,0.0,30.209,0.001218977376818657,1368.541
stratum_>20,single_line,5000,100,1000,0.4200000000000001,"[0.365, 0.4730249999999999]",1880.962,1820.889,85.046,0.0,0.0,85.046,0.0033778213849291207,3786.897
stratum_>20,single_line,15000,100,1000,0.6890000000000001,"[0.634, 0.741]",3983.307,3867.735,180.865,0.0,0.0,180.865,0.0071633943002671,8031.907
